"name","date"
davidherguetasoto,2019-05-22T11:27:42Z
davidherguetasoto,2019-05-22T11:26:24Z
davidherguetasoto,2019-05-18T11:26:42Z
davidherguetasoto,2019-05-17T13:38:00Z
davidherguetasoto,2019-05-17T13:35:37Z
davidherguetasoto,2019-05-17T13:33:16Z
davidherguetasoto,2019-05-17T13:15:19Z
davidherguetasoto,2019-05-17T13:14:33Z
davidherguetasoto,2019-05-17T12:54:58Z
davidherguetasoto,2019-05-17T09:23:58Z
davidherguetasoto,2019-05-14T10:53:50Z
davidherguetasoto,2019-05-14T10:52:29Z
davidherguetasoto,2019-05-14T10:47:06Z
davidherguetasoto,2019-05-14T10:27:55Z
davidherguetasoto,2019-05-14T10:04:55Z
davidherguetasoto,2019-05-14T08:44:17Z
davidherguetasoto,2019-05-13T23:02:50Z
davidherguetasoto,2019-05-13T22:53:49Z
davidherguetasoto,2019-05-13T18:09:46Z
davidherguetasoto,2019-05-13T17:58:51Z
davidherguetasoto,2019-05-13T17:41:30Z
davidherguetasoto,2019-05-13T13:05:04Z
davidherguetasoto,2019-05-13T12:37:37Z
davidherguetasoto,2019-05-13T12:01:21Z
davidherguetasoto,2019-05-12T11:01:14Z
davidherguetasoto,2019-05-12T10:42:15Z
davidherguetasoto,2019-05-09T16:26:13Z
davidherguetasoto,2019-05-09T16:25:36Z
guillermoapariciovoces,2019-05-09T16:19:51Z
davidherguetasoto,2019-05-09T16:08:52Z
