"name";"id";"nMembers";"members";"repo_name";"slug"
"A104";3128199;63;"oscarperpinan, raquelcedazo, Juliauru, EyezPT, MPerezMateo, magustoni, CeciliaGarciaC, Irenealvarezperez, maasensio, sdevargas, RaquelClementeB, jjusdado, davidherguetasoto, scantonn, racapocasale, vhgumiel, Pgbofias, rodrigobatalfernandez, jcarramolino, nborlaf, ClaudiuCretu, rgfranco2, eazofra, sguardia6, danieldelacruzredondo, albertoescancianocabaneros, guillermouberomero, luistorresdelnuevo, jorgefernandezjimenez11, ADRIANGDENIA, jesusgasanchez, jorgegpamo1299, gbarrosof, bavellan, Franciscomora, Adribebeagua, idebenitog, sbenitezr, pedrodiazlopez, barbaragroa, victoraragonesp, dtertre59, victorcarpiog, enriquehernandezmartinez, mloboo, egibert1, juangperozo, antoniocasadohierro, PabloClaramonte, Markepelbaumg, vdelcampo, sgalicia9, amsamuel54, Diegocaparm, DanielHeckstall-Smith, mggallardo, Marquitosss, bggarcia, arguor, AlvaroChillari, micaelacristina, majidbenk, sergiodelgadoheras";"fundamentos_c";"a104"
"A104";3128199;63;"oscarperpinan, raquelcedazo, Juliauru, EyezPT, MPerezMateo, magustoni, CeciliaGarciaC, Irenealvarezperez, maasensio, sdevargas, RaquelClementeB, jjusdado, davidherguetasoto, scantonn, racapocasale, vhgumiel, Pgbofias, rodrigobatalfernandez, jcarramolino, nborlaf, ClaudiuCretu, rgfranco2, eazofra, sguardia6, danieldelacruzredondo, albertoescancianocabaneros, guillermouberomero, luistorresdelnuevo, jorgefernandezjimenez11, ADRIANGDENIA, jesusgasanchez, jorgegpamo1299, gbarrosof, bavellan, Franciscomora, Adribebeagua, idebenitog, sbenitezr, pedrodiazlopez, barbaragroa, victoraragonesp, dtertre59, victorcarpiog, enriquehernandezmartinez, mloboo, egibert1, juangperozo, antoniocasadohierro, PabloClaramonte, Markepelbaumg, vdelcampo, sgalicia9, amsamuel54, Diegocaparm, DanielHeckstall-Smith, mggallardo, Marquitosss, bggarcia, arguor, AlvaroChillari, micaelacristina, majidbenk, sergiodelgadoheras";"sentencias_control";"a104"
"A104";3128199;63;"oscarperpinan, raquelcedazo, Juliauru, EyezPT, MPerezMateo, magustoni, CeciliaGarciaC, Irenealvarezperez, maasensio, sdevargas, RaquelClementeB, jjusdado, davidherguetasoto, scantonn, racapocasale, vhgumiel, Pgbofias, rodrigobatalfernandez, jcarramolino, nborlaf, ClaudiuCretu, rgfranco2, eazofra, sguardia6, danieldelacruzredondo, albertoescancianocabaneros, guillermouberomero, luistorresdelnuevo, jorgefernandezjimenez11, ADRIANGDENIA, jesusgasanchez, jorgegpamo1299, gbarrosof, bavellan, Franciscomora, Adribebeagua, idebenitog, sbenitezr, pedrodiazlopez, barbaragroa, victoraragonesp, dtertre59, victorcarpiog, enriquehernandezmartinez, mloboo, egibert1, juangperozo, antoniocasadohierro, PabloClaramonte, Markepelbaumg, vdelcampo, sgalicia9, amsamuel54, Diegocaparm, DanielHeckstall-Smith, mggallardo, Marquitosss, bggarcia, arguor, AlvaroChillari, micaelacristina, majidbenk, sergiodelgadoheras";"tipos_avanzados_datos";"a104"
"A104";3128199;63;"oscarperpinan, raquelcedazo, Juliauru, EyezPT, MPerezMateo, magustoni, CeciliaGarciaC, Irenealvarezperez, maasensio, sdevargas, RaquelClementeB, jjusdado, davidherguetasoto, scantonn, racapocasale, vhgumiel, Pgbofias, rodrigobatalfernandez, jcarramolino, nborlaf, ClaudiuCretu, rgfranco2, eazofra, sguardia6, danieldelacruzredondo, albertoescancianocabaneros, guillermouberomero, luistorresdelnuevo, jorgefernandezjimenez11, ADRIANGDENIA, jesusgasanchez, jorgegpamo1299, gbarrosof, bavellan, Franciscomora, Adribebeagua, idebenitog, sbenitezr, pedrodiazlopez, barbaragroa, victoraragonesp, dtertre59, victorcarpiog, enriquehernandezmartinez, mloboo, egibert1, juangperozo, antoniocasadohierro, PabloClaramonte, Markepelbaumg, vdelcampo, sgalicia9, amsamuel54, Diegocaparm, DanielHeckstall-Smith, mggallardo, Marquitosss, bggarcia, arguor, AlvaroChillari, micaelacristina, majidbenk, sergiodelgadoheras";"punteros";"a104"
"A104";3128199;63;"oscarperpinan, raquelcedazo, Juliauru, EyezPT, MPerezMateo, magustoni, CeciliaGarciaC, Irenealvarezperez, maasensio, sdevargas, RaquelClementeB, jjusdado, davidherguetasoto, scantonn, racapocasale, vhgumiel, Pgbofias, rodrigobatalfernandez, jcarramolino, nborlaf, ClaudiuCretu, rgfranco2, eazofra, sguardia6, danieldelacruzredondo, albertoescancianocabaneros, guillermouberomero, luistorresdelnuevo, jorgefernandezjimenez11, ADRIANGDENIA, jesusgasanchez, jorgegpamo1299, gbarrosof, bavellan, Franciscomora, Adribebeagua, idebenitog, sbenitezr, pedrodiazlopez, barbaragroa, victoraragonesp, dtertre59, victorcarpiog, enriquehernandezmartinez, mloboo, egibert1, juangperozo, antoniocasadohierro, PabloClaramonte, Markepelbaumg, vdelcampo, sgalicia9, amsamuel54, Diegocaparm, DanielHeckstall-Smith, mggallardo, Marquitosss, bggarcia, arguor, AlvaroChillari, micaelacristina, majidbenk, sergiodelgadoheras";"funciones";"a104"
"A104";3128199;63;"oscarperpinan, raquelcedazo, Juliauru, EyezPT, MPerezMateo, magustoni, CeciliaGarciaC, Irenealvarezperez, maasensio, sdevargas, RaquelClementeB, jjusdado, davidherguetasoto, scantonn, racapocasale, vhgumiel, Pgbofias, rodrigobatalfernandez, jcarramolino, nborlaf, ClaudiuCretu, rgfranco2, eazofra, sguardia6, danieldelacruzredondo, albertoescancianocabaneros, guillermouberomero, luistorresdelnuevo, jorgefernandezjimenez11, ADRIANGDENIA, jesusgasanchez, jorgegpamo1299, gbarrosof, bavellan, Franciscomora, Adribebeagua, idebenitog, sbenitezr, pedrodiazlopez, barbaragroa, victoraragonesp, dtertre59, victorcarpiog, enriquehernandezmartinez, mloboo, egibert1, juangperozo, antoniocasadohierro, PabloClaramonte, Markepelbaumg, vdelcampo, sgalicia9, amsamuel54, Diegocaparm, DanielHeckstall-Smith, mggallardo, Marquitosss, bggarcia, arguor, AlvaroChillari, micaelacristina, majidbenk, sergiodelgadoheras";"ficheros";"a104"
"A109";3128204;68;"oscarperpinan, raquelcedazo, Juliauru, MPerezMateo, joaquinggi, fpadilla00, bmiguelez, alejandrodelmoral, sararodriguezfernandez, martinrteran, mecopedro, marcoslozanorodriguez, mlunad88, stellamoralsalguero, oscarrudek, victorrinconcalvo, RobertoMartinHurtado, mlsalto, davidmartinezprieto, miriamortegabustos, jacobsanchezmoreira, pablonhernandez, dzhou1999, angelsanzdiaz, noelialopezrua, teresaramirezharo, victorramosperez, weizheng13, azhou12, jreinosop99, fernandomarinraez, mlotruglio, lismunozfortea, ignacioortegap, guillermomlechuga, jlarjonilla, ssaetaa, mvinader, danielmdomingo, susanarincon, jaimepalominovaquero, nataliasanchezsanchez, rpleiter, danielsanchezg, amayore, RUANNN96, victorrodriguezsanchez, alvaroromerorodriguez, luispgonzalez, apmora, albertoperezarnal, zhanyaolin, tsvillaluenga, imayorals, jorge1414, danielparrillam, sergiosanchezch, javiermartinsanz, davidpatrizi, braisrodriguezmarigil, NLA45, Jaimemunoz07, sergiio99, JorgeOrtegaMateo, merodio1, diegomanzanogarijo5, dlera, miguellallanap";"fundamentos_c";"a109"
"A109";3128204;68;"oscarperpinan, raquelcedazo, Juliauru, MPerezMateo, joaquinggi, fpadilla00, bmiguelez, alejandrodelmoral, sararodriguezfernandez, martinrteran, mecopedro, marcoslozanorodriguez, mlunad88, stellamoralsalguero, oscarrudek, victorrinconcalvo, RobertoMartinHurtado, mlsalto, davidmartinezprieto, miriamortegabustos, jacobsanchezmoreira, pablonhernandez, dzhou1999, angelsanzdiaz, noelialopezrua, teresaramirezharo, victorramosperez, weizheng13, azhou12, jreinosop99, fernandomarinraez, mlotruglio, lismunozfortea, ignacioortegap, guillermomlechuga, jlarjonilla, ssaetaa, mvinader, danielmdomingo, susanarincon, jaimepalominovaquero, nataliasanchezsanchez, rpleiter, danielsanchezg, amayore, RUANNN96, victorrodriguezsanchez, alvaroromerorodriguez, luispgonzalez, apmora, albertoperezarnal, zhanyaolin, tsvillaluenga, imayorals, jorge1414, danielparrillam, sergiosanchezch, javiermartinsanz, davidpatrizi, braisrodriguezmarigil, NLA45, Jaimemunoz07, sergiio99, JorgeOrtegaMateo, merodio1, diegomanzanogarijo5, dlera, miguellallanap";"sentencias_control";"a109"
"A109";3128204;68;"oscarperpinan, raquelcedazo, Juliauru, MPerezMateo, joaquinggi, fpadilla00, bmiguelez, alejandrodelmoral, sararodriguezfernandez, martinrteran, mecopedro, marcoslozanorodriguez, mlunad88, stellamoralsalguero, oscarrudek, victorrinconcalvo, RobertoMartinHurtado, mlsalto, davidmartinezprieto, miriamortegabustos, jacobsanchezmoreira, pablonhernandez, dzhou1999, angelsanzdiaz, noelialopezrua, teresaramirezharo, victorramosperez, weizheng13, azhou12, jreinosop99, fernandomarinraez, mlotruglio, lismunozfortea, ignacioortegap, guillermomlechuga, jlarjonilla, ssaetaa, mvinader, danielmdomingo, susanarincon, jaimepalominovaquero, nataliasanchezsanchez, rpleiter, danielsanchezg, amayore, RUANNN96, victorrodriguezsanchez, alvaroromerorodriguez, luispgonzalez, apmora, albertoperezarnal, zhanyaolin, tsvillaluenga, imayorals, jorge1414, danielparrillam, sergiosanchezch, javiermartinsanz, davidpatrizi, braisrodriguezmarigil, NLA45, Jaimemunoz07, sergiio99, JorgeOrtegaMateo, merodio1, diegomanzanogarijo5, dlera, miguellallanap";"tipos_avanzados_datos";"a109"
"A109";3128204;68;"oscarperpinan, raquelcedazo, Juliauru, MPerezMateo, joaquinggi, fpadilla00, bmiguelez, alejandrodelmoral, sararodriguezfernandez, martinrteran, mecopedro, marcoslozanorodriguez, mlunad88, stellamoralsalguero, oscarrudek, victorrinconcalvo, RobertoMartinHurtado, mlsalto, davidmartinezprieto, miriamortegabustos, jacobsanchezmoreira, pablonhernandez, dzhou1999, angelsanzdiaz, noelialopezrua, teresaramirezharo, victorramosperez, weizheng13, azhou12, jreinosop99, fernandomarinraez, mlotruglio, lismunozfortea, ignacioortegap, guillermomlechuga, jlarjonilla, ssaetaa, mvinader, danielmdomingo, susanarincon, jaimepalominovaquero, nataliasanchezsanchez, rpleiter, danielsanchezg, amayore, RUANNN96, victorrodriguezsanchez, alvaroromerorodriguez, luispgonzalez, apmora, albertoperezarnal, zhanyaolin, tsvillaluenga, imayorals, jorge1414, danielparrillam, sergiosanchezch, javiermartinsanz, davidpatrizi, braisrodriguezmarigil, NLA45, Jaimemunoz07, sergiio99, JorgeOrtegaMateo, merodio1, diegomanzanogarijo5, dlera, miguellallanap";"punteros";"a109"
"A109";3128204;68;"oscarperpinan, raquelcedazo, Juliauru, MPerezMateo, joaquinggi, fpadilla00, bmiguelez, alejandrodelmoral, sararodriguezfernandez, martinrteran, mecopedro, marcoslozanorodriguez, mlunad88, stellamoralsalguero, oscarrudek, victorrinconcalvo, RobertoMartinHurtado, mlsalto, davidmartinezprieto, miriamortegabustos, jacobsanchezmoreira, pablonhernandez, dzhou1999, angelsanzdiaz, noelialopezrua, teresaramirezharo, victorramosperez, weizheng13, azhou12, jreinosop99, fernandomarinraez, mlotruglio, lismunozfortea, ignacioortegap, guillermomlechuga, jlarjonilla, ssaetaa, mvinader, danielmdomingo, susanarincon, jaimepalominovaquero, nataliasanchezsanchez, rpleiter, danielsanchezg, amayore, RUANNN96, victorrodriguezsanchez, alvaroromerorodriguez, luispgonzalez, apmora, albertoperezarnal, zhanyaolin, tsvillaluenga, imayorals, jorge1414, danielparrillam, sergiosanchezch, javiermartinsanz, davidpatrizi, braisrodriguezmarigil, NLA45, Jaimemunoz07, sergiio99, JorgeOrtegaMateo, merodio1, diegomanzanogarijo5, dlera, miguellallanap";"funciones";"a109"
"A109";3128204;68;"oscarperpinan, raquelcedazo, Juliauru, MPerezMateo, joaquinggi, fpadilla00, bmiguelez, alejandrodelmoral, sararodriguezfernandez, martinrteran, mecopedro, marcoslozanorodriguez, mlunad88, stellamoralsalguero, oscarrudek, victorrinconcalvo, RobertoMartinHurtado, mlsalto, davidmartinezprieto, miriamortegabustos, jacobsanchezmoreira, pablonhernandez, dzhou1999, angelsanzdiaz, noelialopezrua, teresaramirezharo, victorramosperez, weizheng13, azhou12, jreinosop99, fernandomarinraez, mlotruglio, lismunozfortea, ignacioortegap, guillermomlechuga, jlarjonilla, ssaetaa, mvinader, danielmdomingo, susanarincon, jaimepalominovaquero, nataliasanchezsanchez, rpleiter, danielsanchezg, amayore, RUANNN96, victorrodriguezsanchez, alvaroromerorodriguez, luispgonzalez, apmora, albertoperezarnal, zhanyaolin, tsvillaluenga, imayorals, jorge1414, danielparrillam, sergiosanchezch, javiermartinsanz, davidpatrizi, braisrodriguezmarigil, NLA45, Jaimemunoz07, sergiio99, JorgeOrtegaMateo, merodio1, diegomanzanogarijo5, dlera, miguellallanap";"ficheros";"a109"
"ARCE-NACHO-VICTOR";3140290;3;"victorcaparros98, angelluisarcecarrasco96, idorado2019";"twE105-arce-nacho-victor";"arce-nacho-victor"
"Adri&Ubeda";3153104;2;"guillermouberomero, Adribebeagua";"twA104-adri-ubeda";"adri-ubeda"
"Adri-Jorge-Abel";3140285;3;"jorgeespigutierrez, RedBaronUPM, adrianalvaradolago";"twE105-adri-jorge-abel";"adri-jorge-abel"
"Adrian&Jorge";3149167;2;"jorgefernandezjimenez11, ADRIANGDENIA";"twA104-adrian-jorge";"adrian-jorge"
"Aeropuerto";3177297;3;"cfrubio, tomasalda, IkertxoGM";"twQ103-aeropuerto";"aeropuerto"
"Agencia de viajes";3140407;3;"WasimaSimouh, ajnoelia, alepau";"twQ103-agencia-de-viajes";"agencia-de-viajes"
"Agenda electrónica";3139347;3;"ademaeseneire, mariafermoselalvarez, mvaliente24";"twQ103-agenda-electronica";"agenda-electronica"
"Alarmas Masther";3153108;1;"Marquitosss";"twA104-alarmas-masther";"alarmas-masther"
"Alberto_Viktor";3140700;1;"albertosanchezperez";"twE100-alberto_viktor";"alberto_viktor"
"Alejandro.Hugo.Jacob";3142981;3;"alejandrodelmoral, jacobsanchezmoreira, hugolopezjanquin";"twA109-alejandro-hugo-jacob";"alejandro-hugo-jacob"
"Alejandro.Ignacio.Javier";3147233;3;"jreinosop99, ignaciosaparicio, amayore";"twA109-alejandro-ignacio-javier";"alejandro-ignacio-javier"
"Ambulatorio";3140266;1;"anasanchezrela";"twQ103-ambulatorio";"ambulatorio"
"Aparcamiento_sub_Burgos";3226873;1;"damasomartinezalvarez";"twE100-Aparcamiento_sub_Burgos";"aparcamiento_sub_burgos"
"Arantxa_Alvaro_Tomas";3140703;3;"tllanomiro, mateos14, arantxagonzalez";"twE100-arantxa_alvaro_tomas";"arantxa_alvaro_tomas"
"Arguisanos";3139063;3;"ivanherranz, EnriqueTeja, KevinVejaranoMontesinos";"twQ103-arguisanos";"arguisanos"
"BISHA3P2";3142951;3;"sararodriguezfernandez, marcoslozanorodriguez, danielsanchezg";"twA109-bisha3p2";"bisha3p2"
"BLIBIOTECA MARIA MOLINER";3138774;3;"alvaromitachungara, gmalvarez, Guisella";"twQ103-blibioteca-maria-moliner";"blibioteca-maria-moliner"
"BannerCM";3149275;1;"cmontejano";"twE100-bannercm";"bannercm"
"Banners Dinámicos V.2";3143379;2;"AlonsoPercu, EnriqueGalanMoreno";"twQ103-banners-dinamicos-v-2";"banners-dinamicos-v-2"
"Barcos";3200799;1;"ClaudiuCretu";"twA104-Barcos";"barcos"
"Becarios";3106678;4;"oscarperpinan, raquelcedazo, Juliauru, MPerezMateo";"fundamentos_c";"becarios"
"Becarios";3106678;4;"oscarperpinan, raquelcedazo, Juliauru, MPerezMateo";"sentencias_control";"becarios"
"Becarios";3106678;4;"oscarperpinan, raquelcedazo, Juliauru, MPerezMateo";"tipos_avanzados_datos";"becarios"
"Becarios";3106678;4;"oscarperpinan, raquelcedazo, Juliauru, MPerezMateo";"punteros";"becarios"
"Becarios";3106678;4;"oscarperpinan, raquelcedazo, Juliauru, MPerezMateo";"funciones";"becarios"
"Becarios";3106678;4;"oscarperpinan, raquelcedazo, Juliauru, MPerezMateo";"ficheros";"becarios"
"Becarios";3106678;4;"oscarperpinan, raquelcedazo, Juliauru, MPerezMateo";"punto_inicio";"becarios"
"Becas MEL";3140445;3;"erp6, marinarx20, lauraubeda";"twQ103-becas-mel";"becas-mel"
"Bruno.Jaime";3143035;2;"bmiguelez, jaimepc00";"twA109-bruno-jaime";"bruno-jaime"
"BurgoNet";3142342;3;"SamuelHornsbyAltares, javierlopez1, marinapolov";"twQ103-burgonet-1";"burgonet"
"C--";3142243;2;"angelsanzdiaz, albertoperezarnal";"twA109-c";"c"
"CLIMT 3000";3142962;3;"RobertoMartinHurtado, ignacioortegap, javiermartinsanz";"twA109-climt-3000";"climt-3000"
"CLININCA";3138515;3;"MinyaChen0711, Rosa1Silverio, yslopez";"twQ103-clininca";"clininca"
"COLACADO 2.0";3153112;2;"jesusgasanchez, JPioGA";"twA104-colacado-2-0";"colacado-2-0"
"CajeroEtsidi";3137551;3;"marcoscalderon99, rocioberzalcabetas, mdegano";"twQ103-cajeroetsidi";"cajeroetsidi"
"CarpioyJuan";3153101;2;"jjusdado, victorcarpiog";"twA104-carpioyjuan";"carpioyjuan"
"Carrera ciclista";3143440;3;"alejandromartinherreros, juliansanchezram, alexandramavila";"twQ103-carrera-ciclista";"carrera-ciclista"
"Cartelera de cine";3141200;3;"adelapv, plantero, IdoyaZV";"twQ103-cartelera-de-cine";"cartelera-de-cine"
"Central_ParKing";3150363;1;"Diegome";"twE100-central_parking";"central_parking"
"Cesta Online";3144889;3;"Diego54632, 8alvarogarcia, mariogarridomontero";"twQ103-cesta-online";"cesta-online"
"Christian-Andres-Miguel";3140256;3;"miguelagonzalez, ccabellos, adiegor";"twE105-christian-andres-miguel";"christian-andres-miguel"
"Coches Benavides .SL";3138506;3;"hriverar, mrodrigog, jbenavidesm";"twQ103-coches-benavides-sl";"coches-benavides-sl"
"Codigo_Morse";3142495;3;"stellamoralsalguero, mvinader, Andreacallejapedrote";"twA109-Codigo_Morse";"codigo_morse"
"Comparador de propiedades";3140454;3;"JuanjoLR, davidmolano25, MrHook6";"twQ103-comparador-de-propiedades";"comparador-de-propiedades"
"Cris&David";3140819;2;"EyezPT, dtertre59";"twA104-cris-david";"cris-david"
"DPM";3141447;3;"weizheng13, azhou12, zhanyaolin";"twA109-dpm";"dpm"
"DZ-DM";3141722;2;"davidmartinezprieto, dzhou1999";"twA109-dz-dm";"dz-dm"
"David.Alvaro.Ignacio";3143046;3;"imayorals, davidpatrizi, merodio1";"twA109-david-alvaro-ignacio";"david-alvaro-ignacio"
"Diego.LauraL.Tomas";3142983;3;"lauralopezdemenesescalvo, tsvillaluenga, diegomanzanogarijo5";"twA109-diego-laural-tomas";"diego-laural-tomas"
"Distribución de alumnos en examen";3144369;3;"ireviejo, mariadelafuentefernandez, Pauladeantoniogrondona";"twQ103-distribucion-de-alumnos-en-examen";"distribucion-de-alumnos-en-examen"
"E-100_Proyecto_Morse";3140698;3;"jvrosillo, tomasherrerabach, PabloHer2000";"twE100-e-100_proyecto_morse";"e-100_proyecto_morse"
"E100";3128198;54;"oscarperpinan, raquelcedazo, Adrianmateo8, MartaVT, Juliauru, Diegome, luiscobosgarcia1, MPerezMateo, eduardogomezg, jvrosillo, tomasherrerabach, rafaelherrerogalindo, marcosesepe, tllanomiro, moadhilaly, Gabrielperezcano, dferrandezvega, miguelgtorralba, albertosanchezperez, helenapinestrosa, jorgeroche29, asiervicentes, mateos14, raulmolano, rvhuerta, ivanvalenzueladominguez, arantxagonzalez, julietaguerrerov, adriansanchez00, fabiosanchezgarcia, Sarael444, EtorGonzalezPerea, danielpiconm, CarlosRdgzFunes, zerepoicangi, Anniapgarcia, sergiosgsg, edumartin, manuelhh00, davidfernandezpascuchi, PabloHer2000, yujlin, sololumbreras, dux246, jgluque, guillemaru96, mgarciademarina, alejandrosanchom, cmontejano, DiegoMezquita, erg999, oscario20, yaizamc, damasomartinezalvarez";"fundamentos_c";"e100"
"E100";3128198;54;"oscarperpinan, raquelcedazo, Adrianmateo8, MartaVT, Juliauru, Diegome, luiscobosgarcia1, MPerezMateo, eduardogomezg, jvrosillo, tomasherrerabach, rafaelherrerogalindo, marcosesepe, tllanomiro, moadhilaly, Gabrielperezcano, dferrandezvega, miguelgtorralba, albertosanchezperez, helenapinestrosa, jorgeroche29, asiervicentes, mateos14, raulmolano, rvhuerta, ivanvalenzueladominguez, arantxagonzalez, julietaguerrerov, adriansanchez00, fabiosanchezgarcia, Sarael444, EtorGonzalezPerea, danielpiconm, CarlosRdgzFunes, zerepoicangi, Anniapgarcia, sergiosgsg, edumartin, manuelhh00, davidfernandezpascuchi, PabloHer2000, yujlin, sololumbreras, dux246, jgluque, guillemaru96, mgarciademarina, alejandrosanchom, cmontejano, DiegoMezquita, erg999, oscario20, yaizamc, damasomartinezalvarez";"sentencias_control";"e100"
"E100";3128198;54;"oscarperpinan, raquelcedazo, Adrianmateo8, MartaVT, Juliauru, Diegome, luiscobosgarcia1, MPerezMateo, eduardogomezg, jvrosillo, tomasherrerabach, rafaelherrerogalindo, marcosesepe, tllanomiro, moadhilaly, Gabrielperezcano, dferrandezvega, miguelgtorralba, albertosanchezperez, helenapinestrosa, jorgeroche29, asiervicentes, mateos14, raulmolano, rvhuerta, ivanvalenzueladominguez, arantxagonzalez, julietaguerrerov, adriansanchez00, fabiosanchezgarcia, Sarael444, EtorGonzalezPerea, danielpiconm, CarlosRdgzFunes, zerepoicangi, Anniapgarcia, sergiosgsg, edumartin, manuelhh00, davidfernandezpascuchi, PabloHer2000, yujlin, sololumbreras, dux246, jgluque, guillemaru96, mgarciademarina, alejandrosanchom, cmontejano, DiegoMezquita, erg999, oscario20, yaizamc, damasomartinezalvarez";"tipos_avanzados_datos";"e100"
"E100";3128198;54;"oscarperpinan, raquelcedazo, Adrianmateo8, MartaVT, Juliauru, Diegome, luiscobosgarcia1, MPerezMateo, eduardogomezg, jvrosillo, tomasherrerabach, rafaelherrerogalindo, marcosesepe, tllanomiro, moadhilaly, Gabrielperezcano, dferrandezvega, miguelgtorralba, albertosanchezperez, helenapinestrosa, jorgeroche29, asiervicentes, mateos14, raulmolano, rvhuerta, ivanvalenzueladominguez, arantxagonzalez, julietaguerrerov, adriansanchez00, fabiosanchezgarcia, Sarael444, EtorGonzalezPerea, danielpiconm, CarlosRdgzFunes, zerepoicangi, Anniapgarcia, sergiosgsg, edumartin, manuelhh00, davidfernandezpascuchi, PabloHer2000, yujlin, sololumbreras, dux246, jgluque, guillemaru96, mgarciademarina, alejandrosanchom, cmontejano, DiegoMezquita, erg999, oscario20, yaizamc, damasomartinezalvarez";"punteros";"e100"
"E100";3128198;54;"oscarperpinan, raquelcedazo, Adrianmateo8, MartaVT, Juliauru, Diegome, luiscobosgarcia1, MPerezMateo, eduardogomezg, jvrosillo, tomasherrerabach, rafaelherrerogalindo, marcosesepe, tllanomiro, moadhilaly, Gabrielperezcano, dferrandezvega, miguelgtorralba, albertosanchezperez, helenapinestrosa, jorgeroche29, asiervicentes, mateos14, raulmolano, rvhuerta, ivanvalenzueladominguez, arantxagonzalez, julietaguerrerov, adriansanchez00, fabiosanchezgarcia, Sarael444, EtorGonzalezPerea, danielpiconm, CarlosRdgzFunes, zerepoicangi, Anniapgarcia, sergiosgsg, edumartin, manuelhh00, davidfernandezpascuchi, PabloHer2000, yujlin, sololumbreras, dux246, jgluque, guillemaru96, mgarciademarina, alejandrosanchom, cmontejano, DiegoMezquita, erg999, oscario20, yaizamc, damasomartinezalvarez";"funciones";"e100"
"E100";3128198;54;"oscarperpinan, raquelcedazo, Adrianmateo8, MartaVT, Juliauru, Diegome, luiscobosgarcia1, MPerezMateo, eduardogomezg, jvrosillo, tomasherrerabach, rafaelherrerogalindo, marcosesepe, tllanomiro, moadhilaly, Gabrielperezcano, dferrandezvega, miguelgtorralba, albertosanchezperez, helenapinestrosa, jorgeroche29, asiervicentes, mateos14, raulmolano, rvhuerta, ivanvalenzueladominguez, arantxagonzalez, julietaguerrerov, adriansanchez00, fabiosanchezgarcia, Sarael444, EtorGonzalezPerea, danielpiconm, CarlosRdgzFunes, zerepoicangi, Anniapgarcia, sergiosgsg, edumartin, manuelhh00, davidfernandezpascuchi, PabloHer2000, yujlin, sololumbreras, dux246, jgluque, guillemaru96, mgarciademarina, alejandrosanchom, cmontejano, DiegoMezquita, erg999, oscario20, yaizamc, damasomartinezalvarez";"ficheros";"e100"
"E100_Eduardo_Mario_Moad";3140715;3;"eduardogomezg, moadhilaly, mgarciademarina";"twE100-e100_eduardo_mario_moad";"e100_eduardo_mario_moad"
"E100_ratón_gráfico";3140746;3;"helenapinestrosa, asiervicentes, fabiosanchezgarcia";"twE100-e100_raton_grafico";"e100_raton_grafico"
"E105";3128260;51;"oscarperpinan, dudualbelda07, raquelcedazo, raulcarrero, oscardmpj, blancaexpositogonzalez, diegobartolome, CristianEstebanGomez, RodrigoMarquezB, gonzalo171, GonzaloConde, luisdelafuentemartin, Javs24, victorcaparros98, Juliauru, pabloforni, MPerezMateo, Djunquera, jibrea, hfranco47, fdelgadol, christianclementedefrutos, angelgomezmunoz, nicoascastrogarcia, pabloblazquezgervas, miguelagonzalez, sfonseca2019, adamelouadrari, abalao, jorgeespigutierrez, sdearriba, monicabrotonsg, oelshami, cbestevez, carlosolivaa, ccabellos, dhsanchez, angelluisarcecarrasco96, marianojimenezbohorquez, ignaciocartes99, almudenacostes, hectordelsaz, albaramirez, lucas290500, adiegor, marfperez, marioromeroburgos, alvaroespinosarico, RaulGarciaRodriguez, idorado2019, ivancolmanc";"fundamentos_c";"e105"
"E105";3128260;51;"oscarperpinan, dudualbelda07, raquelcedazo, raulcarrero, oscardmpj, blancaexpositogonzalez, diegobartolome, CristianEstebanGomez, RodrigoMarquezB, gonzalo171, GonzaloConde, luisdelafuentemartin, Javs24, victorcaparros98, Juliauru, pabloforni, MPerezMateo, Djunquera, jibrea, hfranco47, fdelgadol, christianclementedefrutos, angelgomezmunoz, nicoascastrogarcia, pabloblazquezgervas, miguelagonzalez, sfonseca2019, adamelouadrari, abalao, jorgeespigutierrez, sdearriba, monicabrotonsg, oelshami, cbestevez, carlosolivaa, ccabellos, dhsanchez, angelluisarcecarrasco96, marianojimenezbohorquez, ignaciocartes99, almudenacostes, hectordelsaz, albaramirez, lucas290500, adiegor, marfperez, marioromeroburgos, alvaroespinosarico, RaulGarciaRodriguez, idorado2019, ivancolmanc";"sentencias_control";"e105"
"E105";3128260;51;"oscarperpinan, dudualbelda07, raquelcedazo, raulcarrero, oscardmpj, blancaexpositogonzalez, diegobartolome, CristianEstebanGomez, RodrigoMarquezB, gonzalo171, GonzaloConde, luisdelafuentemartin, Javs24, victorcaparros98, Juliauru, pabloforni, MPerezMateo, Djunquera, jibrea, hfranco47, fdelgadol, christianclementedefrutos, angelgomezmunoz, nicoascastrogarcia, pabloblazquezgervas, miguelagonzalez, sfonseca2019, adamelouadrari, abalao, jorgeespigutierrez, sdearriba, monicabrotonsg, oelshami, cbestevez, carlosolivaa, ccabellos, dhsanchez, angelluisarcecarrasco96, marianojimenezbohorquez, ignaciocartes99, almudenacostes, hectordelsaz, albaramirez, lucas290500, adiegor, marfperez, marioromeroburgos, alvaroespinosarico, RaulGarciaRodriguez, idorado2019, ivancolmanc";"tipos_avanzados_datos";"e105"
"E105";3128260;51;"oscarperpinan, dudualbelda07, raquelcedazo, raulcarrero, oscardmpj, blancaexpositogonzalez, diegobartolome, CristianEstebanGomez, RodrigoMarquezB, gonzalo171, GonzaloConde, luisdelafuentemartin, Javs24, victorcaparros98, Juliauru, pabloforni, MPerezMateo, Djunquera, jibrea, hfranco47, fdelgadol, christianclementedefrutos, angelgomezmunoz, nicoascastrogarcia, pabloblazquezgervas, miguelagonzalez, sfonseca2019, adamelouadrari, abalao, jorgeespigutierrez, sdearriba, monicabrotonsg, oelshami, cbestevez, carlosolivaa, ccabellos, dhsanchez, angelluisarcecarrasco96, marianojimenezbohorquez, ignaciocartes99, almudenacostes, hectordelsaz, albaramirez, lucas290500, adiegor, marfperez, marioromeroburgos, alvaroespinosarico, RaulGarciaRodriguez, idorado2019, ivancolmanc";"punteros";"e105"
"E105";3128260;51;"oscarperpinan, dudualbelda07, raquelcedazo, raulcarrero, oscardmpj, blancaexpositogonzalez, diegobartolome, CristianEstebanGomez, RodrigoMarquezB, gonzalo171, GonzaloConde, luisdelafuentemartin, Javs24, victorcaparros98, Juliauru, pabloforni, MPerezMateo, Djunquera, jibrea, hfranco47, fdelgadol, christianclementedefrutos, angelgomezmunoz, nicoascastrogarcia, pabloblazquezgervas, miguelagonzalez, sfonseca2019, adamelouadrari, abalao, jorgeespigutierrez, sdearriba, monicabrotonsg, oelshami, cbestevez, carlosolivaa, ccabellos, dhsanchez, angelluisarcecarrasco96, marianojimenezbohorquez, ignaciocartes99, almudenacostes, hectordelsaz, albaramirez, lucas290500, adiegor, marfperez, marioromeroburgos, alvaroespinosarico, RaulGarciaRodriguez, idorado2019, ivancolmanc";"funciones";"e105"
"E105";3128260;51;"oscarperpinan, dudualbelda07, raquelcedazo, raulcarrero, oscardmpj, blancaexpositogonzalez, diegobartolome, CristianEstebanGomez, RodrigoMarquezB, gonzalo171, GonzaloConde, luisdelafuentemartin, Javs24, victorcaparros98, Juliauru, pabloforni, MPerezMateo, Djunquera, jibrea, hfranco47, fdelgadol, christianclementedefrutos, angelgomezmunoz, nicoascastrogarcia, pabloblazquezgervas, miguelagonzalez, sfonseca2019, adamelouadrari, abalao, jorgeespigutierrez, sdearriba, monicabrotonsg, oelshami, cbestevez, carlosolivaa, ccabellos, dhsanchez, angelluisarcecarrasco96, marianojimenezbohorquez, ignaciocartes99, almudenacostes, hectordelsaz, albaramirez, lucas290500, adiegor, marfperez, marioromeroburgos, alvaroespinosarico, RaulGarciaRodriguez, idorado2019, ivancolmanc";"ficheros";"e105"
"EE105";3129927;18;"oscarperpinan, raquelcedazo, PamelaDiazSerrano, raulherranzrodriguez, josevicenteguillenmainez, miguelaspirozdelacalle, jmcabornero, asacristanj, carlosmartinezramos, abelbague, Cfzolle, carlosmurillopagador, davidabadp, oscararrigo, jbustilloe, jesusmarcostorero, nicogarrom, valeriahernandobernabe";"fundamentos_c";"ee105"
"EE105";3129927;18;"oscarperpinan, raquelcedazo, PamelaDiazSerrano, raulherranzrodriguez, josevicenteguillenmainez, miguelaspirozdelacalle, jmcabornero, asacristanj, carlosmartinezramos, abelbague, Cfzolle, carlosmurillopagador, davidabadp, oscararrigo, jbustilloe, jesusmarcostorero, nicogarrom, valeriahernandobernabe";"sentencias_control";"ee105"
"EE105";3129927;18;"oscarperpinan, raquelcedazo, PamelaDiazSerrano, raulherranzrodriguez, josevicenteguillenmainez, miguelaspirozdelacalle, jmcabornero, asacristanj, carlosmartinezramos, abelbague, Cfzolle, carlosmurillopagador, davidabadp, oscararrigo, jbustilloe, jesusmarcostorero, nicogarrom, valeriahernandobernabe";"tipos_avanzados_datos";"ee105"
"EE105";3129927;18;"oscarperpinan, raquelcedazo, PamelaDiazSerrano, raulherranzrodriguez, josevicenteguillenmainez, miguelaspirozdelacalle, jmcabornero, asacristanj, carlosmartinezramos, abelbague, Cfzolle, carlosmurillopagador, davidabadp, oscararrigo, jbustilloe, jesusmarcostorero, nicogarrom, valeriahernandobernabe";"punteros";"ee105"
"EE105";3129927;18;"oscarperpinan, raquelcedazo, PamelaDiazSerrano, raulherranzrodriguez, josevicenteguillenmainez, miguelaspirozdelacalle, jmcabornero, asacristanj, carlosmartinezramos, abelbague, Cfzolle, carlosmurillopagador, davidabadp, oscararrigo, jbustilloe, jesusmarcostorero, nicogarrom, valeriahernandobernabe";"funciones";"ee105"
"EE105";3129927;18;"oscarperpinan, raquelcedazo, PamelaDiazSerrano, raulherranzrodriguez, josevicenteguillenmainez, miguelaspirozdelacalle, jmcabornero, asacristanj, carlosmartinezramos, abelbague, Cfzolle, carlosmurillopagador, davidabadp, oscararrigo, jbustilloe, jesusmarcostorero, nicogarrom, valeriahernandobernabe";"ficheros";"ee105"
"Empresa Química";3139210;3;"carmenmoujarillo, pedromunozredondo, martaesparcialopez";"twQ103-empresa-quimica";"empresa-quimica"
"Escanciano&Dani";3153146;1;"albertoescancianocabaneros";"twA104-escanciano-dani";"escanciano-dani"
"Etor_Valeria_Carlos";3140704;3;"Sarael444, EtorGonzalezPerea, CarlosRdgzFunes";"twE100-etor_valeria_carlos";"etor_valeria_carlos"
"Euroliga";3140446;2;"albertodiaz-guerraf, angelolmedo20";"twQ103-euroliga";"euroliga"
"Fran&Alvaro";3153107;1;"Franciscomora";"twA104-fran-alvaro";"fran-alvaro"
"GPS FILMS";3138925;3;"Sandraahg, PauCastro, guadalupeperalta";"twQ103-gps-films";"gps-films"
"Gabriel_Pedro";3140706;1;"Gabrielperezcano";"twE100-gabriel_pedro";"gabriel_pedro"
"Gambling_Machine";3153110;2;"sdevargas, eazofra";"twA104-gambling_machine";"gambling_machine"
"Guillermo.Noelia";3142957;2;"noelialopezrua, guillermomlechuga";"twA109-guillermo-noelia";"guillermo-noelia"
"Inmobiliaria";3140539;3;"elisapelaezp, angelicacablanquecorredor, crism98";"twQ103-inmobiliaria";"inmobiliaria"
"Ismael&Mateo";3149165;2;"magustoni, ismaelfernandezdelacoteralorenzo";"twA104-ismael-mateo";"ismael-mateo"
"JAVICTOR";3153106;1;"victoraragonesp";"twA104-javictor";"javictor"
"JLA";3142486;1;"jlarjonilla";"twA109-jla";"jla"
"JT";3151694;1;"Jtauroni";"twA109-jt";"jt"
"Jaime.Sergio.Brais";3143568;3;"braisrodriguezmarigil, Jaimemunoz07, sergiio99";"twA109-jaime-sergio-brais";"jaime-sergio-brais"
"JoseMaria.Alvaro.Cristina";3157147;2;"ctgiles, alopezg01";"twA109-josemaria-alvaro-cristina";"josemaria-alvaro-cristina"
"JuanAndresyMarta";3142964;2;"juangperozo, mggallardo";"twA104-juanandresymarta";"juanandresymarta"
"Juego de Laberintos";3144955;2;"javisgarces, aitorsanchezz";"twQ103-juego-de-laberintos";"juego-de-laberintos"
"Juego de la Flota";3139180;3;"CristinaCostas, gianninamolina, DalilaMB";"twQ103-juego-de-la-flota";"juego-de-la-flota"
"Juego de la ruleta";3145104;3;"FernandoCasillas, dledesma11, heeeectorito";"twQ103-juego-de-la-ruleta";"juego-de-la-ruleta"
"Juego química-general";3144993;3;"JaviPalomeque, Carri0202, jaimecasass";"twQ103-juego-quimica-general";"juego-quimica-general"
"Keepin'USafe";3153087;2;"guillermoapariciovoces, davidherguetasoto";"twA104-keepin-usafe";"keepin-usafe"
"Laura.Maria";3142975;2;"mariaortegamonge, lauravillajosmateo";"twA109-laura-maria";"laura-maria"
"Led_Vibes";3141375;3;"fpadilla00, mlunad88, mlsalto";"twA109-led_vibes";"led_vibes"
"Lera.Daniel";3151140;1;"dlera";"twA109-lera-daniel";"lera-daniel"
"Lis.Teresa.Silvia";3145203;3;"teresaramirezharo, lismunozfortea, ssaetaa";"twA109-lis-teresa-silvia";"lis-teresa-silvia"
"Luis.Víctor.Alvaro";3144330;3;"victorramosperez, alvaroromerorodriguez, luispgonzalez";"twA109-luis-victor-alvaro";"luis-victor-alvaro"
"MANU_LUISLE_PACHUSKI";3140694;3;"luisleonde, manuelhh00, davidfernandezpascuchi";"twE100-manu_luisle_pachuski";"manu_luisle_pachuski"
"MASORI BANK";3145084;3;"VivaAsturiaas, RitaLaCantaora, Maricrussi";"twQ103-masori-bank";"masori-bank"
"Maccabi de levantar";3140223;3;"raulherranzrodriguez, asacristanj, davidabadp";"twE105-maccabi-de-levantar";"maccabi-de-levantar"
"Marcianitos.S.L";3153111;1;"luistorresdelnuevo";"twA104-marcianitos-s-l";"marcianitos-s-l"
"Mark&Patrick";3148127;1;"Markepelbaumg";"twA104-mark-patrick";"mark-patrick"
"Marta_Jara_Julieta";3135733;2;"MartaVT, julietaguerrerov";"twE100-marta_jara_julieta";"marta_jara_julieta"
"Miki_Edu_Sergio";3140707;2;"miguelgtorralba, sergiosgsg";"twE100-miki_edu_sergio";"miki_edu_sergio"
"Morango's company";3157462;2;"vhgumiel, David2Santos";"twA104-morango-s-company";"morango-s-company"
"NBA GOATS";3137607;3;"jorgegilp, Diego105, adnantalib3";"twQ103-nba-goats";"nba-goats"
"Nacho&Antonio";3153109;2;"idebenitog, antoniocasadohierro";"twA104-nacho-antonio";"nacho-antonio"
"Natalia&Dani";3153083;2;"nborlaf, danieldelacruzredondo";"twA104-natalia-dani";"natalia-dani"
"Natalia.Jorge";3144314;2;"nataliasanchezsanchez, JorgeOrtegaMateo";"twA109-natalia-jorge";"natalia-jorge"
"NoCraneNoGame";3153096;2;"maasensio, rodrigobatalfernandez";"twA104-nocranenogame";"nocranenogame"
"PIDE TU CABIFAI";3144771;3;"LaRaxxel, SamuCHdez, andreeeaaa";"twQ103-pide-tu-cabifai";"pide-tu-cabifai"
"Pagina de compra y venta";3144411;3;"atriner, albertohernandezvelayos, gmorenod";"twQ103-pagina-de-compra-y-venta";"pagina-de-compra-y-venta"
"Parkineo";3142984;3;"oscarrudek, mlotruglio, victorrodriguezsanchez";"twA109-parkineo";"parkineo"
"Polize_Zass";3140351;3;"carlosolivaa, Alberto1166, jorgedemiguele";"twE105-polize_zass";"polize_zass"
"Profesores";3106672;4;"oscarperpinan, raquelcedazo, joaquinggi, CeciliaGarciaC";"punto_inicio";"profesores"
"Q103";3128187;117;"oscarperpinan, raquelcedazo, ireviejo, alvaromitachungara, Rosa1Silverio, mariadelafuentefernandez, Pauladeantoniogrondona, marcoscalderon99, albertodiaz-guerraf, CristinaCostas, ivegasgQ103, gianninamolina, Albanavarromoreno, hriverar, pauladepaz, elisapelaezp, DalilaMB, saulleonato, atriner, gmalvarez, carmenmoujarillo, alejandromartinherreros, yslopez, pedromunozredondo, albertohernandezvelayos, anasanchezrela, juliansanchezram, rocioberzalcabetas, mrodrigog, angelicacablanquecorredor, mdegano, jbenavidesm, Guisella, martaesparcialopez, Juliauru, ademaeseneire, jorgegilp, gmorenod, huguiigar, lucasgomezmontejano, alexandramavila, pedrogonzalezlozoya, susanagonzalezmiguel, ElenaMarhuenda, Diego105, Rafa14ga, mariafermoselalvarez, adnantalib3, adelapv, Jingzeng53728, plantero, mvaliente24, WasimaSimouh, Claudialonsoalc, cfrubio, hananelboud, erp6, mariacanga, marinarx20, Sandraahg, PauCastro, dab0025, MPerezMateo, covagonzalez, andreeea6, VivaAsturiaas, lauraubeda, veravalentin, vanedb15, carolcc18, JuanjoLR, LaRaxxel, ivanherranz, CruzBojana18, EnriqueTeja, SamuelHornsbyAltares, Diego54632, AdrianMunozMolina, ajnoelia, SophiaVillanova, RitaLaCantaora, KevinVejaranoMontesinos, JaviPalomeque, javierlopez1, Ateje, EstoKesss, Maricrussi, SamuCHdez, juansantamaria, davidmolano25, marinapolov, Carri0202, jaimecasass, tomasalda, sergiotorresmadrazo, BabySharkdodododo, 8alvarogarcia, AlonsoPercu, alepau, MrHook6, Daizsaa, FernandoCasillas, dledesma11, heeeectorito, guadalupeperalta, diget22, javisgarces, IkertxoGM, andreeeaaa, mariogarridomontero, angelolmedo20, JaimeLopezEnriquez, Alexandraman, IdoyaZV, aitorsanchezz, crism98, Aitana-C";"fundamentos_c";"q103"
"Q103";3128187;117;"oscarperpinan, raquelcedazo, ireviejo, alvaromitachungara, Rosa1Silverio, mariadelafuentefernandez, Pauladeantoniogrondona, marcoscalderon99, albertodiaz-guerraf, CristinaCostas, ivegasgQ103, gianninamolina, Albanavarromoreno, hriverar, pauladepaz, elisapelaezp, DalilaMB, saulleonato, atriner, gmalvarez, carmenmoujarillo, alejandromartinherreros, yslopez, pedromunozredondo, albertohernandezvelayos, anasanchezrela, juliansanchezram, rocioberzalcabetas, mrodrigog, angelicacablanquecorredor, mdegano, jbenavidesm, Guisella, martaesparcialopez, Juliauru, ademaeseneire, jorgegilp, gmorenod, huguiigar, lucasgomezmontejano, alexandramavila, pedrogonzalezlozoya, susanagonzalezmiguel, ElenaMarhuenda, Diego105, Rafa14ga, mariafermoselalvarez, adnantalib3, adelapv, Jingzeng53728, plantero, mvaliente24, WasimaSimouh, Claudialonsoalc, cfrubio, hananelboud, erp6, mariacanga, marinarx20, Sandraahg, PauCastro, dab0025, MPerezMateo, covagonzalez, andreeea6, VivaAsturiaas, lauraubeda, veravalentin, vanedb15, carolcc18, JuanjoLR, LaRaxxel, ivanherranz, CruzBojana18, EnriqueTeja, SamuelHornsbyAltares, Diego54632, AdrianMunozMolina, ajnoelia, SophiaVillanova, RitaLaCantaora, KevinVejaranoMontesinos, JaviPalomeque, javierlopez1, Ateje, EstoKesss, Maricrussi, SamuCHdez, juansantamaria, davidmolano25, marinapolov, Carri0202, jaimecasass, tomasalda, sergiotorresmadrazo, BabySharkdodododo, 8alvarogarcia, AlonsoPercu, alepau, MrHook6, Daizsaa, FernandoCasillas, dledesma11, heeeectorito, guadalupeperalta, diget22, javisgarces, IkertxoGM, andreeeaaa, mariogarridomontero, angelolmedo20, JaimeLopezEnriquez, Alexandraman, IdoyaZV, aitorsanchezz, crism98, Aitana-C";"sentencias_control";"q103"
"Q103";3128187;117;"oscarperpinan, raquelcedazo, ireviejo, alvaromitachungara, Rosa1Silverio, mariadelafuentefernandez, Pauladeantoniogrondona, marcoscalderon99, albertodiaz-guerraf, CristinaCostas, ivegasgQ103, gianninamolina, Albanavarromoreno, hriverar, pauladepaz, elisapelaezp, DalilaMB, saulleonato, atriner, gmalvarez, carmenmoujarillo, alejandromartinherreros, yslopez, pedromunozredondo, albertohernandezvelayos, anasanchezrela, juliansanchezram, rocioberzalcabetas, mrodrigog, angelicacablanquecorredor, mdegano, jbenavidesm, Guisella, martaesparcialopez, Juliauru, ademaeseneire, jorgegilp, gmorenod, huguiigar, lucasgomezmontejano, alexandramavila, pedrogonzalezlozoya, susanagonzalezmiguel, ElenaMarhuenda, Diego105, Rafa14ga, mariafermoselalvarez, adnantalib3, adelapv, Jingzeng53728, plantero, mvaliente24, WasimaSimouh, Claudialonsoalc, cfrubio, hananelboud, erp6, mariacanga, marinarx20, Sandraahg, PauCastro, dab0025, MPerezMateo, covagonzalez, andreeea6, VivaAsturiaas, lauraubeda, veravalentin, vanedb15, carolcc18, JuanjoLR, LaRaxxel, ivanherranz, CruzBojana18, EnriqueTeja, SamuelHornsbyAltares, Diego54632, AdrianMunozMolina, ajnoelia, SophiaVillanova, RitaLaCantaora, KevinVejaranoMontesinos, JaviPalomeque, javierlopez1, Ateje, EstoKesss, Maricrussi, SamuCHdez, juansantamaria, davidmolano25, marinapolov, Carri0202, jaimecasass, tomasalda, sergiotorresmadrazo, BabySharkdodododo, 8alvarogarcia, AlonsoPercu, alepau, MrHook6, Daizsaa, FernandoCasillas, dledesma11, heeeectorito, guadalupeperalta, diget22, javisgarces, IkertxoGM, andreeeaaa, mariogarridomontero, angelolmedo20, JaimeLopezEnriquez, Alexandraman, IdoyaZV, aitorsanchezz, crism98, Aitana-C";"tipos_avanzados_datos";"q103"
"Q103";3128187;117;"oscarperpinan, raquelcedazo, ireviejo, alvaromitachungara, Rosa1Silverio, mariadelafuentefernandez, Pauladeantoniogrondona, marcoscalderon99, albertodiaz-guerraf, CristinaCostas, ivegasgQ103, gianninamolina, Albanavarromoreno, hriverar, pauladepaz, elisapelaezp, DalilaMB, saulleonato, atriner, gmalvarez, carmenmoujarillo, alejandromartinherreros, yslopez, pedromunozredondo, albertohernandezvelayos, anasanchezrela, juliansanchezram, rocioberzalcabetas, mrodrigog, angelicacablanquecorredor, mdegano, jbenavidesm, Guisella, martaesparcialopez, Juliauru, ademaeseneire, jorgegilp, gmorenod, huguiigar, lucasgomezmontejano, alexandramavila, pedrogonzalezlozoya, susanagonzalezmiguel, ElenaMarhuenda, Diego105, Rafa14ga, mariafermoselalvarez, adnantalib3, adelapv, Jingzeng53728, plantero, mvaliente24, WasimaSimouh, Claudialonsoalc, cfrubio, hananelboud, erp6, mariacanga, marinarx20, Sandraahg, PauCastro, dab0025, MPerezMateo, covagonzalez, andreeea6, VivaAsturiaas, lauraubeda, veravalentin, vanedb15, carolcc18, JuanjoLR, LaRaxxel, ivanherranz, CruzBojana18, EnriqueTeja, SamuelHornsbyAltares, Diego54632, AdrianMunozMolina, ajnoelia, SophiaVillanova, RitaLaCantaora, KevinVejaranoMontesinos, JaviPalomeque, javierlopez1, Ateje, EstoKesss, Maricrussi, SamuCHdez, juansantamaria, davidmolano25, marinapolov, Carri0202, jaimecasass, tomasalda, sergiotorresmadrazo, BabySharkdodododo, 8alvarogarcia, AlonsoPercu, alepau, MrHook6, Daizsaa, FernandoCasillas, dledesma11, heeeectorito, guadalupeperalta, diget22, javisgarces, IkertxoGM, andreeeaaa, mariogarridomontero, angelolmedo20, JaimeLopezEnriquez, Alexandraman, IdoyaZV, aitorsanchezz, crism98, Aitana-C";"punteros";"q103"
"Q103";3128187;117;"oscarperpinan, raquelcedazo, ireviejo, alvaromitachungara, Rosa1Silverio, mariadelafuentefernandez, Pauladeantoniogrondona, marcoscalderon99, albertodiaz-guerraf, CristinaCostas, ivegasgQ103, gianninamolina, Albanavarromoreno, hriverar, pauladepaz, elisapelaezp, DalilaMB, saulleonato, atriner, gmalvarez, carmenmoujarillo, alejandromartinherreros, yslopez, pedromunozredondo, albertohernandezvelayos, anasanchezrela, juliansanchezram, rocioberzalcabetas, mrodrigog, angelicacablanquecorredor, mdegano, jbenavidesm, Guisella, martaesparcialopez, Juliauru, ademaeseneire, jorgegilp, gmorenod, huguiigar, lucasgomezmontejano, alexandramavila, pedrogonzalezlozoya, susanagonzalezmiguel, ElenaMarhuenda, Diego105, Rafa14ga, mariafermoselalvarez, adnantalib3, adelapv, Jingzeng53728, plantero, mvaliente24, WasimaSimouh, Claudialonsoalc, cfrubio, hananelboud, erp6, mariacanga, marinarx20, Sandraahg, PauCastro, dab0025, MPerezMateo, covagonzalez, andreeea6, VivaAsturiaas, lauraubeda, veravalentin, vanedb15, carolcc18, JuanjoLR, LaRaxxel, ivanherranz, CruzBojana18, EnriqueTeja, SamuelHornsbyAltares, Diego54632, AdrianMunozMolina, ajnoelia, SophiaVillanova, RitaLaCantaora, KevinVejaranoMontesinos, JaviPalomeque, javierlopez1, Ateje, EstoKesss, Maricrussi, SamuCHdez, juansantamaria, davidmolano25, marinapolov, Carri0202, jaimecasass, tomasalda, sergiotorresmadrazo, BabySharkdodododo, 8alvarogarcia, AlonsoPercu, alepau, MrHook6, Daizsaa, FernandoCasillas, dledesma11, heeeectorito, guadalupeperalta, diget22, javisgarces, IkertxoGM, andreeeaaa, mariogarridomontero, angelolmedo20, JaimeLopezEnriquez, Alexandraman, IdoyaZV, aitorsanchezz, crism98, Aitana-C";"funciones";"q103"
"Q103";3128187;117;"oscarperpinan, raquelcedazo, ireviejo, alvaromitachungara, Rosa1Silverio, mariadelafuentefernandez, Pauladeantoniogrondona, marcoscalderon99, albertodiaz-guerraf, CristinaCostas, ivegasgQ103, gianninamolina, Albanavarromoreno, hriverar, pauladepaz, elisapelaezp, DalilaMB, saulleonato, atriner, gmalvarez, carmenmoujarillo, alejandromartinherreros, yslopez, pedromunozredondo, albertohernandezvelayos, anasanchezrela, juliansanchezram, rocioberzalcabetas, mrodrigog, angelicacablanquecorredor, mdegano, jbenavidesm, Guisella, martaesparcialopez, Juliauru, ademaeseneire, jorgegilp, gmorenod, huguiigar, lucasgomezmontejano, alexandramavila, pedrogonzalezlozoya, susanagonzalezmiguel, ElenaMarhuenda, Diego105, Rafa14ga, mariafermoselalvarez, adnantalib3, adelapv, Jingzeng53728, plantero, mvaliente24, WasimaSimouh, Claudialonsoalc, cfrubio, hananelboud, erp6, mariacanga, marinarx20, Sandraahg, PauCastro, dab0025, MPerezMateo, covagonzalez, andreeea6, VivaAsturiaas, lauraubeda, veravalentin, vanedb15, carolcc18, JuanjoLR, LaRaxxel, ivanherranz, CruzBojana18, EnriqueTeja, SamuelHornsbyAltares, Diego54632, AdrianMunozMolina, ajnoelia, SophiaVillanova, RitaLaCantaora, KevinVejaranoMontesinos, JaviPalomeque, javierlopez1, Ateje, EstoKesss, Maricrussi, SamuCHdez, juansantamaria, davidmolano25, marinapolov, Carri0202, jaimecasass, tomasalda, sergiotorresmadrazo, BabySharkdodododo, 8alvarogarcia, AlonsoPercu, alepau, MrHook6, Daizsaa, FernandoCasillas, dledesma11, heeeectorito, guadalupeperalta, diget22, javisgarces, IkertxoGM, andreeeaaa, mariogarridomontero, angelolmedo20, JaimeLopezEnriquez, Alexandraman, IdoyaZV, aitorsanchezz, crism98, Aitana-C";"ficheros";"q103"
"QuimiTrivial";3145730;3;"carolcc18, mariajg19, mariaalvgar";"twQ103-quimitrivial";"quimitrivial"
"Raquel&Irene";3153078;2;"Irenealvarezperez, rgfranco2";"twA104-raquel-irene";"raquel-irene"
"Raquel&Miguel";3155649;1;"RaquelClementeB";"twA104-raquel-miguel";"raquel-miguel"
"Raul_Adrián_ivan";3140722;1;"raulmolano";"twE100-raul_adrian_ivan";"raul_adrian_ivan"
"Recarga Metro";3145787;3;"huguiigar, susanagonzalezmiguel, Rafa14ga";"twQ103-recarga-metro";"recarga-metro"
"Roberto_Kike_Jorge";3140134;3;"rvhuerta, jmerchanteg2019, erg999";"twE100-roberto_kike_jorge";"roberto_kike_jorge"
"Selector de materiales";3141218;3;"covagonzalez, veravalentin, EstoKesss";"twQ103-selector-de-materiales";"selector-de-materiales"
"Semáforos Benítez-Pelayo";3187152;1;"sbenitezr";"twA104-semaforos-benitez-pelayo";"semaforos-benitez-pelayo"
"Sergio, Fer, Andres";3142974;3;"fernandomarinraez, apmora, sergiosanchezch";"twA109-sergio-fer-andres";"sergio-fer-andres"
"Snake";3226503;2;"scantonn, jcarramolino";"twA104-snake";"snake"
"Summer Festival";3142569;3;"Albanavarromoreno, pauladepaz, Claudialonsoalc";"twQ103-summer-festival";"summer-festival"
"Team MID";3140702;3;"danielpiconm, zerepoicangi, marcosmondejar";"twE100-team-mid";"team-mid"
"Team_Ligue";3140968;1;"alejandrosanchom";"twE100-team_ligue";"team_ligue"
"TicketPro.com";3140542;3;"dab0025, vanedb15, Ateje";"twQ103-ticketpro-com";"ticketpro-com"
"TiendaSL";3140928;1;"guillemaru96";"twE100-tiendasl";"tiendasl"
"Trivial";3143137;3;"CruzBojana18, SophiaVillanova, Aitana-C";"twQ103-trivial";"trivial"
"Vehiculos Upm";3138523;2;"lucasgomezmontejano, pedrogonzalezlozoya";"twQ103-vehiculos-upm";"vehiculos-upm"
"Victor&Diego";3153116;1;"Diegocaparm";"twA104-victor-diego";"victor-diego"
"Victor.Ruben.Pablo";3142947;3;"victorrinconcalvo, pablomendezcamino, rpleiter";"twA109-victor-ruben-pablo";"victor-ruben-pablo"
"Videoclub";3143504;3;"andreeea6, BabySharkdodododo, diget22";"twQ103-videoclub";"videoclub"
"WORKER KING";3143087;3;"AdrianMunozMolina, juansantamaria, sergiotorresmadrazo";"twQ103-worker-king";"worker-king"
"Where I can park???";3153161;1;"enriquehernandezmartinez";"twA104-where-i-can-park";"where-i-can-park"
"Zeqi.Martin.Xiaolong";3142987;3;"martinrteran, RUANNN96, zeqilin";"twA109-zeqi-martin-xiaolong";"zeqi-martin-xiaolong"
"abel-diego-carlos";3140352;3;"carlosmartinezramos, abelbague, dhsanchez";"twE105-abel-diego-carlos";"abel-diego-carlos"
"alvaro-sergio";3140257;2;"sergiocaja, alvaroespinosarico";"twE105-alvaro-sergio";"alvaro-sergio"
"cafranpa";3140197;3;"fdelgadol, pabloblazquezgervas, cbestevez";"twE105-cafranpa";"cafranpa"
"cajero automatico";3140350;4;"AntCos, almudenacostes, albaramirez, marioromeroburgos";"twE105-cajero-automatico";"cajero-automatico"
"carlos-juanmi-vicen";3139113;3;"josevicenteguillenmainez, jmcabornero, carlosmurillopagador";"twE105-carlos-juanmi-vicen";"carlos-juanmi-vicen"
"christian-carlos-magda";3140218;3;"christianclementedefrutos, Cfzolle, MAGDALENAUPM";"twE105-e-shop";"christian-carlos-magda"
"cinesbartolo";3140217;3;"diegobartolome, luisdelafuentemartin, jibrea";"twE105-cinesbartolo";"cinesbartolo"
"dani,miguel,pedro";3143042;2;"mecopedro, danielparrillam";"twA109-dani-miguel-pedro";"dani-miguel-pedro"
"dreamteam";3140245;3;"raulcarrero, RodrigoMarquezB, marianojimenezbohorquez";"twE105-dreamteam";"dreamteam"
"huevos_rotos_con_jamon";3140296;3;"Djunquera, abalao, lucas290500";"twE105-huevos_rotos_con_jamon";"huevos_rotos_con_jamon"
"jaime.pablo.sara";3141909;3;"pablonhernandez, jaimepalominovaquero, saravazquezp";"twA109-jaime-pablo-sara";"jaime-pablo-sara"
"javi-angel";3140221;2;"Javs24, angelgomezmunoz";"twE105-javi-angel";"javi-angel"
"juego del serpiente";3136528;3;"ElenaMarhuenda, Jingzeng53728, JaimeLopezEnriquez";"twQ103-juego-del-serpiente";"juego-del-serpiente"
"kchopos´s";3140573;2;"oscararrigo, valeriahernandobernabe";"twE105-kchopos-s";"kchopos-s"
"miriam.pablo.susana";3140411;3;"miriamortegabustos, danielmdomingo, susanarincon";"twA109-miriam-pablo-susana";"miriam-pablo-susana"
"monica-miguel-nico";3140358;3;"nicoascastrogarcia, miguelaspirozdelacalle, monicabrotonsg";"twE105-monica-miguel-nico";"monica-miguel-nico"
"omar-edu-nacho";3140244;3;"dudualbelda07, oelshami, ignaciocartes99";"twE105-omar-edu-nacho";"omar-edu-nacho"
"oscar-pablo-gonzalo";3140214;3;"oscardmpj, GonzaloConde, pabloforni";"twE105-oscar-pablo-gonzalo";"oscar-pablo-gonzalo"
"santi-david-ivan";3140212;3;"sdearriba, ivancolmanc, dalmarzag";"twE105-santi-david-ivan";"santi-david-ivan"
"sebas-hugo-adam";3140207;3;"hfranco47, sfonseca2019, adamelouadrari";"twE105-sebas-hugo-adam";"sebas-hugo-adam"
"spectacular library";3140216;4;"blancaexpositogonzalez, PamelaDiazSerrano, CristianEstebanGomez, gonzalo171";"twE105-spectacular-library";"spectacular-library"
"susana&jorge";3153124;2;"sguardia6, jorgegpamo1299";"twA104-susana-jorge";"susana-jorge"
"taki-taki-rumba";3140208;3;"jbustilloe, jesusmarcostorero, nicogarrom";"twE105-taki-taki-rumba";"taki-taki-rumba"
"team_TIENDA_ZARRA";3140732;2;"Anniapgarcia, yaizamc";"twE100-team_tienda_zarra";"team_tienda_zarra"
"twE100-Jorge";3140709;1;"jgluque";"twE100-twe100-jorge";"twe100-jorge"
"twE100_Biblio";3151442;3;"oscario20, danielrodriguezescudero, mihaitasmetan";"twE100-twe100_biblio";"twe100_biblio"
"twE100_Ingenio_2019";3140737;3;"luiscobosgarcia1, dferrandezvega, sololumbreras";"twE100-twe100_ingenio_2019";"twe100_ingenio_2019"
"twQ103-iHDM";3140541;3;"hananelboud, mariacanga, Daizsaa";"twQ103-twq103-ihdm";"twq103-ihdm"
"verano azul";3140323;3;"hectordelsaz, marfperez, RaulGarciaRodriguez";"twE105-verano-azul";"verano-azul"
"yago&barroso";3153097;2;"gbarrosof, sgalicia9";"twA104-yago-barroso";"yago-barroso"
"Óscar&Carlos";3153082;1;"omcabrera";"twA104-oscar-carlos";"oscar-carlos"
