"title";"layout";"modal_id";"wiki_link";"thumbnail";"alt"
"fundamentos_c";"default";1;"https://github.com/aigora/fundamentos_c/wiki";"No logo";"fundamentos_c"
"sentencias_control";"default";2;"https://github.com/aigora/sentencias_control/wiki";"No logo";"sentencias_control"
"tipos_avanzados_datos";"default";3;"https://github.com/aigora/tipos_avanzados_datos/wiki";"No logo";"tipos_avanzados_datos"
"punteros";"default";4;"https://github.com/aigora/punteros/wiki";"No logo";"punteros"
"funciones";"default";5;"https://github.com/aigora/funciones/wiki";"No logo";"funciones"
"ficheros";"default";6;"https://github.com/aigora/ficheros/wiki";"No logo";"ficheros"
"punto_inicio";"default";7;"https://github.com/aigora/punto_inicio/wiki";"No logo";"punto_inicio"
"starter-code";"default";8;"https://github.com/aigora/starter-code/wiki";"No logo";"starter-code"
"trabajo_equipo-master";"default";9;"https://github.com/aigora/trabajo_equipo-master/wiki";"No logo";"trabajo_equipo-master"
"twE100-marta_jara_julieta";"default";10;"https://github.com/aigora/twE100-marta_jara_julieta/wiki";"No logo";"twE100-marta_jara_julieta"
"twQ103-juego-del-serpiente";"default";11;"https://github.com/aigora/twQ103-juego-del-serpiente/wiki";"No logo";"twQ103-juego-del-serpiente"
"twQ103-cajeroetsidi";"default";12;"https://github.com/aigora/twQ103-cajeroetsidi/wiki";"No logo";"twQ103-cajeroetsidi"
"twQ103-nba-goats";"default";13;"https://github.com/aigora/twQ103-nba-goats/wiki";"No logo";"twQ103-nba-goats"
"twQ103-coches-benavides-sl";"default";14;"https://github.com/aigora/twQ103-coches-benavides-sl/wiki";"No logo";"twQ103-coches-benavides-sl"
"twQ103-clininca";"default";15;"https://github.com/aigora/twQ103-clininca/wiki";"No logo";"twQ103-clininca"
"twQ103-vehiculos-upm";"default";16;"https://github.com/aigora/twQ103-vehiculos-upm/wiki";"No logo";"twQ103-vehiculos-upm"
"twQ103-blibioteca-maria-moliner";"default";17;"https://github.com/aigora/twQ103-blibioteca-maria-moliner/wiki";"No logo";"twQ103-blibioteca-maria-moliner"
"twQ103-gps-films";"default";18;"https://github.com/aigora/twQ103-gps-films/wiki";"No logo";"twQ103-gps-films"
"twQ103-arguisanos";"default";19;"https://github.com/aigora/twQ103-arguisanos/wiki";"No logo";"twQ103-arguisanos"
"twE105-carlos-juanmi-vicen";"default";20;"https://github.com/aigora/twE105-carlos-juanmi-vicen/wiki";"No logo";"twE105-carlos-juanmi-vicen"
"twQ103-juego-de-la-flota";"default";21;"https://github.com/aigora/twQ103-juego-de-la-flota/wiki";"No logo";"twQ103-juego-de-la-flota"
"twQ103-empresa-quimica";"default";22;"https://github.com/aigora/twQ103-empresa-quimica/wiki";"No logo";"twQ103-empresa-quimica"
"twQ103-agenda-electronica";"default";23;"https://github.com/aigora/twQ103-agenda-electronica/wiki";"No logo";"twQ103-agenda-electronica"
"twE100-roberto_kike_jorge";"default";24;"https://github.com/aigora/twE100-roberto_kike_jorge/wiki";"No logo";"twE100-roberto_kike_jorge"
"twE105-cafranpa";"default";25;"https://github.com/aigora/twE105-cafranpa/wiki";"No logo";"twE105-cafranpa"
"twE105-sebas-hugo-adam";"default";26;"https://github.com/aigora/twE105-sebas-hugo-adam/wiki";"No logo";"twE105-sebas-hugo-adam"
"twE105-taki-taki-rumba";"default";27;"https://github.com/aigora/twE105-taki-taki-rumba/wiki";"No logo";"twE105-taki-taki-rumba"
"twE105-santi-david-ivan";"default";28;"https://github.com/aigora/twE105-santi-david-ivan/wiki";"No logo";"twE105-santi-david-ivan"
"twE105-oscar-pablo-gonzalo";"default";29;"https://github.com/aigora/twE105-oscar-pablo-gonzalo/wiki";"No logo";"twE105-oscar-pablo-gonzalo"
"twE105-spectacular-library";"default";30;"https://github.com/aigora/twE105-spectacular-library/wiki";"No logo";"twE105-spectacular-library"
"twE105-cinesbartolo";"default";31;"https://github.com/aigora/twE105-cinesbartolo/wiki";"No logo";"twE105-cinesbartolo"
"twE105-e-shop";"default";32;"https://github.com/aigora/twE105-e-shop/wiki";"No logo";"twE105-e-shop"
"twE105-javi-angel";"default";33;"https://github.com/aigora/twE105-javi-angel/wiki";"No logo";"twE105-javi-angel"
"twE105-maccabi-de-levantar";"default";34;"https://github.com/aigora/twE105-maccabi-de-levantar/wiki";"No logo";"twE105-maccabi-de-levantar"
"twE105-omar-edu-nacho";"default";35;"https://github.com/aigora/twE105-omar-edu-nacho/wiki";"No logo";"twE105-omar-edu-nacho"
"twE105-dreamteam";"default";36;"https://github.com/aigora/twE105-dreamteam/wiki";"No logo";"twE105-dreamteam"
"twE105-christian-andres-miguel";"default";37;"https://github.com/aigora/twE105-christian-andres-miguel/wiki";"No logo";"twE105-christian-andres-miguel"
"twE105-alvaro-sergio";"default";38;"https://github.com/aigora/twE105-alvaro-sergio/wiki";"No logo";"twE105-alvaro-sergio"
"twQ103-ambulatorio";"default";39;"https://github.com/aigora/twQ103-ambulatorio/wiki";"No logo";"twQ103-ambulatorio"
"twE105-adri-jorge-abel";"default";40;"https://github.com/aigora/twE105-adri-jorge-abel/wiki";"No logo";"twE105-adri-jorge-abel"
"twE105-arce-nacho-victor";"default";41;"https://github.com/aigora/twE105-arce-nacho-victor/wiki";"No logo";"twE105-arce-nacho-victor"
"twE105-huevos_rotos_con_jamon";"default";42;"https://github.com/aigora/twE105-huevos_rotos_con_jamon/wiki";"No logo";"twE105-huevos_rotos_con_jamon"
"twE105-verano-azul";"default";43;"https://github.com/aigora/twE105-verano-azul/wiki";"No logo";"twE105-verano-azul"
"twE105-cajero-automatico";"default";44;"https://github.com/aigora/twE105-cajero-automatico/wiki";"No logo";"twE105-cajero-automatico"
"twE105-polize_zass";"default";45;"https://github.com/aigora/twE105-polize_zass/wiki";"No logo";"twE105-polize_zass"
"twE105-abel-diego-carlos";"default";46;"https://github.com/aigora/twE105-abel-diego-carlos/wiki";"No logo";"twE105-abel-diego-carlos"
"twE105-monica-miguel-nico";"default";47;"https://github.com/aigora/twE105-monica-miguel-nico/wiki";"No logo";"twE105-monica-miguel-nico"
"twQ103-agencia-de-viajes";"default";48;"https://github.com/aigora/twQ103-agencia-de-viajes/wiki";"No logo";"twQ103-agencia-de-viajes"
"twA109-miriam-pablo-susana";"default";49;"https://github.com/aigora/twA109-miriam-pablo-susana/wiki";"No logo";"twA109-miriam-pablo-susana"
"twQ103-becas-mel";"default";50;"https://github.com/aigora/twQ103-becas-mel/wiki";"No logo";"twQ103-becas-mel"
"twQ103-euroliga";"default";51;"https://github.com/aigora/twQ103-euroliga/wiki";"No logo";"twQ103-euroliga"
"twQ103-comparador-de-propiedades";"default";52;"https://github.com/aigora/twQ103-comparador-de-propiedades/wiki";"No logo";"twQ103-comparador-de-propiedades"
"twQ103-inmobiliaria";"default";53;"https://github.com/aigora/twQ103-inmobiliaria/wiki";"No logo";"twQ103-inmobiliaria"
"twQ103-twq103-ihdm";"default";54;"https://github.com/aigora/twQ103-twq103-ihdm/wiki";"No logo";"twQ103-twq103-ihdm"
"twQ103-ticketpro-com";"default";55;"https://github.com/aigora/twQ103-ticketpro-com/wiki";"No logo";"twQ103-ticketpro-com"
"twE105-kchopos-s";"default";56;"https://github.com/aigora/twE105-kchopos-s/wiki";"No logo";"twE105-kchopos-s"
"twE100-manu_luisle_pachuski";"default";57;"https://github.com/aigora/twE100-manu_luisle_pachuski/wiki";"No logo";"twE100-manu_luisle_pachuski"
"twE100-e-100_proyecto_morse";"default";58;"https://github.com/aigora/twE100-e-100_proyecto_morse/wiki";"No logo";"twE100-e-100_proyecto_morse"
"twE100-alberto_viktor";"default";59;"https://github.com/aigora/twE100-alberto_viktor/wiki";"No logo";"twE100-alberto_viktor"
"twE100-team-mid";"default";60;"https://github.com/aigora/twE100-team-mid/wiki";"No logo";"twE100-team-mid"
"twE100-arantxa_alvaro_tomas";"default";61;"https://github.com/aigora/twE100-arantxa_alvaro_tomas/wiki";"No logo";"twE100-arantxa_alvaro_tomas"
"twE100-etor_valeria_carlos";"default";62;"https://github.com/aigora/twE100-etor_valeria_carlos/wiki";"No logo";"twE100-etor_valeria_carlos"
"twE100-gabriel_pedro";"default";63;"https://github.com/aigora/twE100-gabriel_pedro/wiki";"No logo";"twE100-gabriel_pedro"
"twE100-miki_edu_sergio";"default";64;"https://github.com/aigora/twE100-miki_edu_sergio/wiki";"No logo";"twE100-miki_edu_sergio"
"twE100-twe100-jorge";"default";65;"https://github.com/aigora/twE100-twe100-jorge/wiki";"No logo";"twE100-twe100-jorge"
"twE100-e100_eduardo_mario_moad";"default";66;"https://github.com/aigora/twE100-e100_eduardo_mario_moad/wiki";"No logo";"twE100-e100_eduardo_mario_moad"
"twE100-raul_adrian_ivan";"default";67;"https://github.com/aigora/twE100-raul_adrian_ivan/wiki";"No logo";"twE100-raul_adrian_ivan"
"twE100-team_tienda_zarra";"default";68;"https://github.com/aigora/twE100-team_tienda_zarra/wiki";"No logo";"twE100-team_tienda_zarra"
"twE100-twe100_ingenio_2019";"default";69;"https://github.com/aigora/twE100-twe100_ingenio_2019/wiki";"No logo";"twE100-twe100_ingenio_2019"
"twE100-e100_raton_grafico";"default";70;"https://github.com/aigora/twE100-e100_raton_grafico/wiki";"No logo";"twE100-e100_raton_grafico"
"twA104-cris-david";"default";71;"https://github.com/aigora/twA104-cris-david/wiki";"No logo";"twA104-cris-david"
"twE100-tiendasl";"default";72;"https://github.com/aigora/twE100-tiendasl/wiki";"No logo";"twE100-tiendasl"
"twE100-team_ligue";"default";73;"https://github.com/aigora/twE100-team_ligue/wiki";"No logo";"twE100-team_ligue"
"twQ103-cartelera-de-cine";"default";74;"https://github.com/aigora/twQ103-cartelera-de-cine/wiki";"No logo";"twQ103-cartelera-de-cine"
"twQ103-selector-de-materiales";"default";75;"https://github.com/aigora/twQ103-selector-de-materiales/wiki";"No logo";"twQ103-selector-de-materiales"
"twA109-led_vibes";"default";76;"https://github.com/aigora/twA109-led_vibes/wiki";"No logo";"twA109-led_vibes"
"twA109-dpm";"default";77;"https://github.com/aigora/twA109-dpm/wiki";"No logo";"twA109-dpm"
"twA109-dz-dm";"default";78;"https://github.com/aigora/twA109-dz-dm/wiki";"No logo";"twA109-dz-dm"
"twA109-jaime-pablo-sara";"default";79;"https://github.com/aigora/twA109-jaime-pablo-sara/wiki";"No logo";"twA109-jaime-pablo-sara"
"twA109-c";"default";80;"https://github.com/aigora/twA109-c/wiki";"No logo";"twA109-c"
"twQ103-burgonet-1";"default";81;"https://github.com/aigora/twQ103-burgonet-1/wiki";"No logo";"twQ103-burgonet-1"
"twA109-jla";"default";82;"https://github.com/aigora/twA109-jla/wiki";"No logo";"twA109-jla"
"twA109-Codigo_Morse";"default";83;"https://github.com/aigora/twA109-Codigo_Morse/wiki";"No logo";"twA109-Codigo_Morse"
"twQ103-summer-festival";"default";84;"https://github.com/aigora/twQ103-summer-festival/wiki";"No logo";"twQ103-summer-festival"
"twA109-victor-ruben-pablo";"default";85;"https://github.com/aigora/twA109-victor-ruben-pablo/wiki";"No logo";"twA109-victor-ruben-pablo"
"twA109-bisha3p2";"default";86;"https://github.com/aigora/twA109-bisha3p2/wiki";"No logo";"twA109-bisha3p2"
"twA109-guillermo-noelia";"default";87;"https://github.com/aigora/twA109-guillermo-noelia/wiki";"No logo";"twA109-guillermo-noelia"
"twA109-climt-3000";"default";88;"https://github.com/aigora/twA109-climt-3000/wiki";"No logo";"twA109-climt-3000"
"twA104-juanandresymarta";"default";89;"https://github.com/aigora/twA104-juanandresymarta/wiki";"No logo";"twA104-juanandresymarta"
"twA109-laura-maria";"default";90;"https://github.com/aigora/twA109-laura-maria/wiki";"No logo";"twA109-laura-maria"
"twA109-sergio-fer-andres";"default";91;"https://github.com/aigora/twA109-sergio-fer-andres/wiki";"No logo";"twA109-sergio-fer-andres"
"twA109-alejandro-hugo-jacob";"default";92;"https://github.com/aigora/twA109-alejandro-hugo-jacob/wiki";"No logo";"twA109-alejandro-hugo-jacob"
"twA109-diego-laural-tomas";"default";93;"https://github.com/aigora/twA109-diego-laural-tomas/wiki";"No logo";"twA109-diego-laural-tomas"
"twA109-parkineo";"default";94;"https://github.com/aigora/twA109-parkineo/wiki";"No logo";"twA109-parkineo"
"twA109-zeqi-martin-xiaolong";"default";95;"https://github.com/aigora/twA109-zeqi-martin-xiaolong/wiki";"No logo";"twA109-zeqi-martin-xiaolong"
"twA109-bruno-jaime";"default";96;"https://github.com/aigora/twA109-bruno-jaime/wiki";"No logo";"twA109-bruno-jaime"
"twA109-dani-miguel-pedro";"default";97;"https://github.com/aigora/twA109-dani-miguel-pedro/wiki";"No logo";"twA109-dani-miguel-pedro"
"twQ103-worker-king";"default";98;"https://github.com/aigora/twQ103-worker-king/wiki";"No logo";"twQ103-worker-king"
"twQ103-trivial";"default";99;"https://github.com/aigora/twQ103-trivial/wiki";"No logo";"twQ103-trivial"
"twA109-david-alvaro-ignacio";"default";100;"https://github.com/aigora/twA109-david-alvaro-ignacio/wiki";"No logo";"twA109-david-alvaro-ignacio"
"twQ103-banners-dinamicos-v-2";"default";101;"https://github.com/aigora/twQ103-banners-dinamicos-v-2/wiki";"No logo";"twQ103-banners-dinamicos-v-2"
"twQ103-carrera-ciclista";"default";102;"https://github.com/aigora/twQ103-carrera-ciclista/wiki";"No logo";"twQ103-carrera-ciclista"
"twQ103-videoclub";"default";103;"https://github.com/aigora/twQ103-videoclub/wiki";"No logo";"twQ103-videoclub"
"twA109-jaime-sergio-brais";"default";104;"https://github.com/aigora/twA109-jaime-sergio-brais/wiki";"No logo";"twA109-jaime-sergio-brais"
"twA109-natalia-jorge";"default";105;"https://github.com/aigora/twA109-natalia-jorge/wiki";"No logo";"twA109-natalia-jorge"
"twA109-luis-victor-alvaro";"default";106;"https://github.com/aigora/twA109-luis-victor-alvaro/wiki";"No logo";"twA109-luis-victor-alvaro"
"twQ103-distribucion-de-alumnos-en-examen";"default";107;"https://github.com/aigora/twQ103-distribucion-de-alumnos-en-examen/wiki";"No logo";"twQ103-distribucion-de-alumnos-en-examen"
"twQ103-pagina-de-compra-y-venta";"default";108;"https://github.com/aigora/twQ103-pagina-de-compra-y-venta/wiki";"No logo";"twQ103-pagina-de-compra-y-venta"
"twQ103-pide-tu-cabifai";"default";109;"https://github.com/aigora/twQ103-pide-tu-cabifai/wiki";"No logo";"twQ103-pide-tu-cabifai"
"twQ103-cesta-online";"default";110;"https://github.com/aigora/twQ103-cesta-online/wiki";"No logo";"twQ103-cesta-online"
"twQ103-juego-de-laberintos";"default";111;"https://github.com/aigora/twQ103-juego-de-laberintos/wiki";"No logo";"twQ103-juego-de-laberintos"
"twQ103-juego-quimica-general";"default";112;"https://github.com/aigora/twQ103-juego-quimica-general/wiki";"No logo";"twQ103-juego-quimica-general"
"twQ103-masori-bank";"default";113;"https://github.com/aigora/twQ103-masori-bank/wiki";"No logo";"twQ103-masori-bank"
"twQ103-juego-de-la-ruleta";"default";114;"https://github.com/aigora/twQ103-juego-de-la-ruleta/wiki";"No logo";"twQ103-juego-de-la-ruleta"
"twA109-lis-teresa-silvia";"default";115;"https://github.com/aigora/twA109-lis-teresa-silvia/wiki";"No logo";"twA109-lis-teresa-silvia"
"twQ103-quimitrivial";"default";116;"https://github.com/aigora/twQ103-quimitrivial/wiki";"No logo";"twQ103-quimitrivial"
"twQ103-recarga-metro";"default";117;"https://github.com/aigora/twQ103-recarga-metro/wiki";"No logo";"twQ103-recarga-metro"
"twA109-alejandro-ignacio-javier";"default";118;"https://github.com/aigora/twA109-alejandro-ignacio-javier/wiki";"No logo";"twA109-alejandro-ignacio-javier"
"twA104-mark-patrick";"default";119;"https://github.com/aigora/twA104-mark-patrick/wiki";"No logo";"twA104-mark-patrick"
"twA104-ismael-mateo";"default";120;"https://github.com/aigora/twA104-ismael-mateo/wiki";"No logo";"twA104-ismael-mateo"
"twA104-adrian-jorge";"default";121;"https://github.com/aigora/twA104-adrian-jorge/wiki";"No logo";"twA104-adrian-jorge"
"twE100-bannercm";"default";122;"https://github.com/aigora/twE100-bannercm/wiki";"No logo";"twE100-bannercm"
"twE100-central_parking";"default";123;"https://github.com/aigora/twE100-central_parking/wiki";"No logo";"twE100-central_parking"
"twA109-lera-daniel";"default";124;"https://github.com/aigora/twA109-lera-daniel/wiki";"No logo";"twA109-lera-daniel"
"twE100-twe100_biblio";"default";125;"https://github.com/aigora/twE100-twe100_biblio/wiki";"No logo";"twE100-twe100_biblio"
"twA109-jt";"default";126;"https://github.com/aigora/twA109-jt/wiki";"No logo";"twA109-jt"
"twA104-raquel-irene";"default";127;"https://github.com/aigora/twA104-raquel-irene/wiki";"No logo";"twA104-raquel-irene"
"twA104-oscar-carlos";"default";128;"https://github.com/aigora/twA104-oscar-carlos/wiki";"No logo";"twA104-oscar-carlos"
"twA104-natalia-dani";"default";129;"https://github.com/aigora/twA104-natalia-dani/wiki";"No logo";"twA104-natalia-dani"
"twA104-keepin-usafe";"default";130;"https://github.com/aigora/twA104-keepin-usafe/wiki";"No logo";"twA104-keepin-usafe"
"twA104-nocranenogame";"default";131;"https://github.com/aigora/twA104-nocranenogame/wiki";"No logo";"twA104-nocranenogame"
"twA104-yago-barroso";"default";132;"https://github.com/aigora/twA104-yago-barroso/wiki";"No logo";"twA104-yago-barroso"
"twA104-carpioyjuan";"default";133;"https://github.com/aigora/twA104-carpioyjuan/wiki";"No logo";"twA104-carpioyjuan"
"twA104-adri-ubeda";"default";134;"https://github.com/aigora/twA104-adri-ubeda/wiki";"No logo";"twA104-adri-ubeda"
"twA104-javictor";"default";135;"https://github.com/aigora/twA104-javictor/wiki";"No logo";"twA104-javictor"
"twA104-fran-alvaro";"default";136;"https://github.com/aigora/twA104-fran-alvaro/wiki";"No logo";"twA104-fran-alvaro"
"twA104-alarmas-masther";"default";137;"https://github.com/aigora/twA104-alarmas-masther/wiki";"No logo";"twA104-alarmas-masther"
"twA104-nacho-antonio";"default";138;"https://github.com/aigora/twA104-nacho-antonio/wiki";"No logo";"twA104-nacho-antonio"
"twA104-gambling_machine";"default";139;"https://github.com/aigora/twA104-gambling_machine/wiki";"No logo";"twA104-gambling_machine"
"twA104-marcianitos-s-l";"default";140;"https://github.com/aigora/twA104-marcianitos-s-l/wiki";"No logo";"twA104-marcianitos-s-l"
"twA104-colacado-2-0";"default";141;"https://github.com/aigora/twA104-colacado-2-0/wiki";"No logo";"twA104-colacado-2-0"
"twA104-victor-diego";"default";142;"https://github.com/aigora/twA104-victor-diego/wiki";"No logo";"twA104-victor-diego"
"twA104-susana-jorge";"default";143;"https://github.com/aigora/twA104-susana-jorge/wiki";"No logo";"twA104-susana-jorge"
"twA104-escanciano-dani";"default";144;"https://github.com/aigora/twA104-escanciano-dani/wiki";"No logo";"twA104-escanciano-dani"
"twA104-where-i-can-park";"default";145;"https://github.com/aigora/twA104-where-i-can-park/wiki";"No logo";"twA104-where-i-can-park"
"twA104-raquel-miguel";"default";146;"https://github.com/aigora/twA104-raquel-miguel/wiki";"No logo";"twA104-raquel-miguel"
"twA109-josemaria-alvaro-cristina";"default";147;"https://github.com/aigora/twA109-josemaria-alvaro-cristina/wiki";"No logo";"twA109-josemaria-alvaro-cristina"
"twA104-morango-s-company";"default";148;"https://github.com/aigora/twA104-morango-s-company/wiki";"No logo";"twA104-morango-s-company"
"twQ103-aeropuerto";"default";149;"https://github.com/aigora/twQ103-aeropuerto/wiki";"No logo";"twQ103-aeropuerto"
"twA104-semaforos-benitez-pelayo";"default";150;"https://github.com/aigora/twA104-semaforos-benitez-pelayo/wiki";"No logo";"twA104-semaforos-benitez-pelayo"
"twA104-Barcos";"default";151;"https://github.com/aigora/twA104-Barcos/wiki";"No logo";"twA104-Barcos"
"twA104-snake";"default";152;"https://github.com/aigora/twA104-snake/wiki";"No logo";"twA104-snake"
"twE100-Aparcamiento_sub_Burgos";"default";153;"https://github.com/aigora/twE100-Aparcamiento_sub_Burgos/wiki";"No logo";"twE100-Aparcamiento_sub_Burgos"
"aigora.github.io";"default";154;"https://github.com/aigora/aigora.github.io/wiki";"No logo";"aigora.github.io"
"twA104-barbara";"default";155;"https://github.com/aigora/twA104-barbara/wiki";"No logo";"twA104-barbara"
"twA104-eduardo-david";"default";156;"https://github.com/aigora/twA104-eduardo-david/wiki";"No logo";"twA104-eduardo-david"
"twA104-barrera_parking";"default";157;"https://github.com/aigora/twA104-barrera_parking/wiki";"No logo";"twA104-barrera_parking"
"twA104-morse_av";"default";158;"https://github.com/aigora/twA104-morse_av/wiki";"No logo";"twA104-morse_av"
"twA104-maquina-desencriptadora";"default";159;"https://github.com/aigora/twA104-maquina-desencriptadora/wiki";"No logo";"twA104-maquina-desencriptadora"
